partie.ads;-;-;0;;;/home/lebotlan/Code/Enseignement/2MIC/ADAdaGame/partie.ads;
plateau.ads;-;-;0;;;/home/lebotlan/Code/Enseignement/2MIC/ADAdaGame/plateau.ads;
graphismes.ads;-;-;0;;;/home/lebotlan/Code/Enseignement/2MIC/ADAdaGame/graphismes.ads;
ordinateur.ads;-;-;0;;;/home/lebotlan/Code/Enseignement/2MIC/ADAdaGame/ordinateur.ads;
cheval.ads;-;-;0;;;/home/lebotlan/Code/Enseignement/2MIC/ADAdaGame/cheval.ads;
cheval.adb;-;-;0;;;/home/lebotlan/Code/Enseignement/2MIC/ADAdaGame/cheval.adb;
joueur.adb;-;-;0;;;/home/lebotlan/Code/Enseignement/2MIC/ADAdaGame/joueur.adb;
sokoban_regle.adb;-;-;0;;;/home/lebotlan/Code/Enseignement/2MIC/Projet Sokoban_Quentin_Adrien/Sokoban_Final/sokoban_regle.adb;
sokoban_action.adb;-;-;0;;;/home/lebotlan/Code/Enseignement/2MIC/Projet Sokoban_Quentin_Adrien/Sokoban_Final/sokoban_action.adb;
sokoban.adb;-;-;0;;;/home/lebotlan/Code/Enseignement/2MIC/Projet Sokoban_Quentin_Adrien/Sokoban_Final/sokoban.adb;
