monnayeur.ads;-;-;0;;;/home/lebotlan/zz_a_ranger/lebotlan/travail/insa/ada-uv1/td/tests_ada/monnayeur.ads;
plongee.ads;-;-;0;;;/home/lebotlan/Code/www-ocsigen/Site-INSA2/Ressources/ADA-UV2/Sujet-Controle-TP-2009/plongee.ads;
sudogrille.ads;-;-;0;;;/home/lebotlan/Code/www-ocsigen/Site-INSA2/Ressources/ADA-UV2/Sujet-Controle-TP-2010/sudogrille.ads;
support.ads;-;-;0;;;/home/lebotlan/Code/www-ocsigen/Site-INSA2/Ressources/ADA-UV2/Sujet-Controle-TP-2010/support.ads;
cartes.ads;-;-;0;;;/home/lebotlan/Code/Enseignement/2MIC/Projet_Poker_Version_Finale_Corrigee_Letourneur_Verderi/cartes.ads;
mains.ads;-;-;0;;;/home/lebotlan/Code/Enseignement/2MIC/Projet_Poker_Version_Finale_Corrigee_Letourneur_Verderi/mains.ads;
regles.ads;-;-;0;;;/home/lebotlan/Code/Enseignement/2MIC/Projet_Poker_Version_Finale_Corrigee_Letourneur_Verderi/regles.ads;
joueur.ads;-;-;0;;;/home/lebotlan/Code/Enseignement/2MIC/Projet_Poker_Version_Finale_Corrigee_Letourneur_Verderi/joueur.ads;
hasard.ads;-;-;0;;;/home/lebotlan/Code/Enseignement/2MIC/Projet_Poker_Version_Finale_Corrigee_Letourneur_Verderi/hasard.ads;
graphismes.ads;-;-;0;;;/home/lebotlan/Code/Enseignement/2MIC/Projet_Poker_Version_Finale_Corrigee_Letourneur_Verderi/graphismes.ads;
mouvement.ads;-;-;0;;;/home/lebotlan/Code/Enseignement/2MIC/ADAdaGame/mouvement.ads;
carte.ads;-;-;0;;;/home/lebotlan/Code/Enseignement/2MIC/ADAdaGame/carte.ads;
joueur.ads;-;-;0;;;/home/lebotlan/Code/Enseignement/2MIC/ADAdaGame/joueur.ads;
partie.ads;-;-;0;;;/home/lebotlan/Code/Enseignement/2MIC/ADAdaGame/partie.ads;
plateau.ads;-;-;0;;;/home/lebotlan/Code/Enseignement/2MIC/ADAdaGame/plateau.ads;
graphismes.ads;-;-;0;;;/home/lebotlan/Code/Enseignement/2MIC/ADAdaGame/graphismes.ads;
ordinateur.ads;-;-;0;;;/home/lebotlan/Code/Enseignement/2MIC/ADAdaGame/ordinateur.ads;
cheval.ads;-;-;0;;;/home/lebotlan/Code/Enseignement/2MIC/ADAdaGame/cheval.ads;
sokoban_action.ads;-;-;0;;;/home/lebotlan/Code/Enseignement/2MIC/Projet Sokoban_Quentin_Adrien/Sokoban_Final/sokoban_action.ads;
sokoban_plateau.ads;-;-;0;;;/home/lebotlan/Code/Enseignement/2MIC/Projet Sokoban_Quentin_Adrien/Sokoban_Final/sokoban_plateau.ads;
sokoban_level.ads;-;-;0;;;/home/lebotlan/Code/Enseignement/2MIC/Projet Sokoban_Quentin_Adrien/Sokoban_Final/sokoban_level.ads;
sokoban_regle.ads;-;-;0;;;/home/lebotlan/Code/Enseignement/2MIC/Projet Sokoban_Quentin_Adrien/Sokoban_Final/sokoban_regle.ads;
ai_easy.ads;-;-;0;;;/home/lebotlan/Code/Enseignement/2MIC/VirusWar_v1.2/ai_easy.ads;
regles.ads;-;-;0;;;/home/lebotlan/Code/Enseignement/2MIC/VirusWar_v1.2/regles.ads;
graph_o.ads;-;-;0;;;/home/lebotlan/Code/Enseignement/2MIC/VirusWar_v1.2/graph_o.ads;
fonction_boutons.ads;-;-;0;;;/home/lebotlan/Code/Enseignement/2MIC/VirusWar_v1.2/fonction_boutons.ads;
plateau.ads;-;-;0;;;/home/lebotlan/Code/Enseignement/2MIC/VirusWar_v1.2/Undo/plateau.ads;
g_piles.ads;-;-;0;;;/home/lebotlan/Code/Enseignement/2MIC/VirusWar_v1.2/Undo/g_piles.ads;
undo.ads;-;-;0;;;/home/lebotlan/Code/Enseignement/2MIC/VirusWar_v1.2/Undo/undo.ads;
ai.ads;-;-;0;;;/home/lebotlan/Code/Enseignement/2MIC/VirusWar_v1.2/ai.ads;
typage.ads;-;-;0;;;/home/lebotlan/Code/Enseignement/QCM/Banque_Questions/testada/typage.ads;
semantique.ads;-;-;0;;;/home/lebotlan/Code/Enseignement/QCM/Banque_Questions/testada/semantique.ads;
txt.ads;-;-;0;;;/home/lebotlan/Code/Enseignement/QCM/Banque_Questions/testada/txt.ads;
capteurs.ads;-;-;0;;;/home/lebotlan/Code/Enseignement/1-Annee/Test-TD-UV2/capteurs.ads;
genome.ads;-;-;0;;;/home/lebotlan/Code/Enseignement/1-Annee/Test-TD-UV2/genome.ads;
fiche_plongee.ads;-;-;0;;;/home/lebotlan/Code/Enseignement/1-Annee/Test-TD-UV2/fiche_plongee.ads;
rois.ads;-;-;0;;;/home/lebotlan/Code/Enseignement/1-Annee/Semestre-1/Exos_Complementaires/rois.ads;
villes.ads;-;-;0;;;/home/lebotlan/Code/Enseignement/1-Annee/Semestre-1/Exos_Complementaires/villes.ads;
auto.ads;-;-;0;;;/home/lebotlan/Code/Enseignement/1-Annee/Semestre-1/Exos_Complementaires/auto.ads;
natation.ads;-;-;1;;;/home/lebotlan/Code/Enseignement/1-Annee/Install-Commetud-Controle/Fichiers/Key-kJjui7-G3g/cryptsubdir-Gzws8k2/Sujet2/Question_3/natation.ads;
couleurs.ads;-;-;1;;;/home/lebotlan/Code/Enseignement/1-Annee/Install-Commetud-Controle/Fichiers/Key-kJjui7-G3g/cryptsubdir-Gzws8k2/Sujet2/Question_1/couleurs.ads;
facedebook.ads;-;-;1;;;/home/lebotlan/Code/Enseignement/1-Annee/Install-Commetud-Controle/Fichiers/Key-kJjui7-G3g/cryptsubdir-Gzws8k2/Sujet4/Question_3/facedebook.ads;
chifoumi.ads;-;-;1;;;/home/lebotlan/Code/Enseignement/1-Annee/Install-Commetud-Controle/Fichiers/Key-kJjui7-G3g/cryptsubdir-Gzws8k2/Sujet4/Question_1/chifoumi.ads;
genome.ads;-;-;1;;;/home/lebotlan/Code/Enseignement/1-Annee/Install-Commetud-Controle/Fichiers/Key-kJjui7-G3g/cryptsubdir-Gzws8k2/Sujet1/Question_1/genome.ads;
cours.ads;-;-;1;;;/home/lebotlan/Code/Enseignement/1-Annee/Install-Commetud-Controle/Fichiers/Key-kJjui7-G3g/cryptsubdir-Gzws8k2/Sujet3/Question_1/cours.ads;
plongee.ads;-;-;0;;;/home/lebotlan/Code/Enseignement/1-Annee/Annales/Semestre2/Sujet2009/CompteEleve/plongee.ads;
plongee.ads;-;-;0;;;/home/lebotlan/Code/Enseignement/1-Annee/Annales/Semestre2/Sujet2009/Acteurs/plongee.ads;
plongee.ads;-;-;0;;;/home/lebotlan/Code/Enseignement/1-Annee/Annales/Semestre2/Sujet2009/Atelier/plongee.ads;
resolution_des_sudokus.ads;-;-;0;;;/home/lebotlan/Code/Enseignement/1-Annee/Annales/Semestre2/Sujet2010/Acteurs_Et_Solution/Solution/Sujet-Domi/Solution/resolution_des_sudokus.ads;
matrice.ads;-;-;0;;;/home/lebotlan/Code/Enseignement/1-Annee/Annales/Semestre2/Sujet2010/Acteurs_Et_Solution/Solution/Sujet-Domi/matrice.ads;
rebus.ads;-;-;1;;;/home/lebotlan/Code/Enseignement/1-Annee/Annales/Semestre2/Sujet2010/Acteurs_Et_Solution/Solution/Vieux/rebus.ads;
sudogrille.ads;-;-;0;;;/home/lebotlan/Code/Enseignement/1-Annee/Annales/Semestre2/Sujet2010/Acteurs_Et_Solution/Solution/sudogrille.ads;
projecteur.ads;-;-;0;;;/home/lebotlan/Code/Enseignement/1-Annee/Annales/Semestre1/Sujet2007/ComptesEleves/Sujet21/Copie_Du_Sujet/projecteur.ads;
kakocine.ads;-;-;0;;;/home/lebotlan/Code/Enseignement/1-Annee/Annales/Semestre1/Sujet2007/ComptesEleves/Sujet21/Copie_Du_Sujet/kakocine.ads;
projecteur.ads;-;-;0;;;/home/lebotlan/Code/Enseignement/1-Annee/Annales/Semestre1/Sujet2007/CompteEleve/projecteur.ads;
kakocine.ads;-;-;0;;;/home/lebotlan/Code/Enseignement/1-Annee/Annales/Semestre1/Sujet2007/CompteEleve/kakocine.ads;
zozo.ads;-;-;0;;;/home/lebotlan/Code/Enseignement/1-Annee/CamlAir/Test_Comm/zozo.ads;
adacomm.ads;-;-;0;;;/home/lebotlan/Code/Enseignement/1-Annee/IppoDrive/adafiles/adacomm.ads;
test_stub.ads;-;-;0;;;/home/lebotlan/Code/Enseignement/1-Annee/IppoDrive/adafiles/test_stub.ads;
stub_generated.ads;-;-;0;;;/home/lebotlan/Code/Enseignement/1-Annee/KakoRobot/stub_generated.ads;
term.ads;-;-;0;;;/home/lebotlan/Code/Enseignement/1-Annee/Test-JPG/Old/term.ads;
jeu_de_cartes.ads;-;-;0;;;/home/lebotlan/Code/Enseignement/1-Annee/Install-Commetud/Sources/Jeu_de_cartes/jeu_de_cartes.ads;
wav.ads;-;-;0;;;/home/lebotlan/Code/Enseignement/1-Annee/Install-Commetud/Sources/Wav/wav.ads;
tapis.ads;-;-;0;;;/home/lebotlan/Code/Enseignement/1-Annee/Install-Commetud/Sources/TD-Tapis/tapis.ads;
outil_de_mesure.ads;-;-;0;;;/home/lebotlan/Code/Enseignement/1-Annee/Install-Commetud/Sources/TD-Tapis/outil_de_mesure.ads;
etiquette.ads;-;-;0;;;/home/lebotlan/Code/Enseignement/1-Annee/Install-Commetud/Sources/RFID/etiquette.ads;
serv.ads;-;-;0;;;/home/lebotlan/Code/Enseignement/1-Annee/Install-Commetud/Sources/RFID/serv.ads;
rfid.ads;-;-;0;;;/home/lebotlan/Code/Enseignement/1-Annee/Install-Commetud/Sources/RFID/rfid.ads;
mobile.ads;-;-;0;;;/home/lebotlan/Code/Enseignement/1-Annee/Install-Commetud/Sources/RFID/mobile.ads;
serv.ads;-;-;0;;;/home/lebotlan/Code/Enseignement/1-Annee/Install-Commetud/Sources/RFID/RFID_Ada/serv.ads;
core.ads;-;-;0;;;/home/lebotlan/Code/Enseignement/1-Annee/Install-Commetud/Sources/RFID/RFID_Ada/core.ads;
kako.ads;-;-;0;;;/home/lebotlan/Code/Enseignement/1-Annee/Install-Commetud/Sources/RFID/RFID_Ada/kako.ads;
kako.ads;-;-;0;;;/home/lebotlan/Code/Enseignement/1-Annee/Install-Commetud/Sources/RFID/kako.ads;
gada-float_text_io.ads;-;-;0;;;/home/lebotlan/Code/Enseignement/1-Annee/Install-Commetud/Sources/GAda/gada-float_text_io.ads;
gada-advanced_graphics.ads;-;-;0;;;/home/lebotlan/Code/Enseignement/1-Annee/Install-Commetud/Sources/GAda/gada-advanced_graphics.ads;
gada-gr_core.ads;-;-;0;;;/home/lebotlan/Code/Enseignement/1-Annee/Install-Commetud/Sources/GAda/gada-gr_core.ads;
tortue.ads;-;-;0;;;/home/lebotlan/Code/Enseignement/1-Annee/Install-Commetud/Sources/GAda/tortue.ads;
gada.ads;-;-;0;;;/home/lebotlan/Code/Enseignement/1-Annee/Install-Commetud/Sources/GAda/gada.ads;
gada-graphics.ads;-;-;0;;;/home/lebotlan/Code/Enseignement/1-Annee/Install-Commetud/Sources/GAda/gada-graphics.ads;
gada-integer_text_io.ads;-;-;0;;;/home/lebotlan/Code/Enseignement/1-Annee/Install-Commetud/Sources/GAda/gada-integer_text_io.ads;
gada-core.ads;-;-;0;;;/home/lebotlan/Code/Enseignement/1-Annee/Install-Commetud/Sources/GAda/gada-core.ads;
gada-plus.ads;-;-;0;;;/home/lebotlan/Code/Enseignement/1-Annee/Install-Commetud/Sources/GAda/gada-plus.ads;
uncaught_exception.ads;-;-;0;;;/home/lebotlan/Code/Enseignement/1-Annee/Install-Commetud/Sources/GAda/uncaught_exception.ads;
gada-text_io.ads;-;-;0;;;/home/lebotlan/Code/Enseignement/1-Annee/Install-Commetud/Sources/GAda/gada-text_io.ads;
ekpipestub.ads;-;-;0;;;/home/lebotlan/Code/Enseignement/1-Annee/Install-Commetud/Sources/EcoRobot/ekpipestub.ads;
pipecomm.ads;-;-;0;;;/home/lebotlan/Code/Enseignement/1-Annee/Install-Commetud/Sources/EcoRobot/pipecomm.ads;
ecorobot.ads;-;-;0;;;/home/lebotlan/Code/Enseignement/1-Annee/Install-Commetud/Sources/EcoRobot/ecorobot.ads;
ekstub_generated.ads;-;-;0;;;/home/lebotlan/Code/Enseignement/1-Annee/Install-Commetud/Sources/EcoRobot/ekstub_generated.ads;
train.ads;-;-;0;;;/home/lebotlan/Code/Enseignement/1-Annee/Install-Commetud/Sources/INSA-Air/train.ads;
pilote_automatique.ads;-;-;0;;;/home/lebotlan/Code/Enseignement/1-Annee/Install-Commetud/Sources/INSA-Air/pilote_automatique.ads;
airports.ads;-;-;0;;;/home/lebotlan/Code/Enseignement/1-Annee/Install-Commetud/Sources/INSA-Air/airports.ads;
avion_sol.ads;-;-;0;;;/home/lebotlan/Code/Enseignement/1-Annee/Install-Commetud/Sources/INSA-Air/avion_sol.ads;
insa_air.ads;-;-;0;;;/home/lebotlan/Code/Enseignement/1-Annee/Install-Commetud/Sources/INSA-Air/insa_air.ads;
assert.ads;-;-;0;;;/home/lebotlan/Code/Enseignement/1-Annee/Install-Commetud/Sources/INSA-Air/assert.ads;
pipestub.ads;-;-;0;;;/home/lebotlan/Code/Enseignement/1-Annee/Install-Commetud/Sources/INSA-Air/pipestub.ads;
carburant.ads;-;-;0;;;/home/lebotlan/Code/Enseignement/1-Annee/Install-Commetud/Sources/INSA-Air/carburant.ads;
passimu.ads;-;-;0;;;/home/lebotlan/Code/Enseignement/1-Annee/Install-Commetud/Sources/INSA-Air/passimu.ads;
route.ads;-;-;0;;;/home/lebotlan/Code/Enseignement/1-Annee/Install-Commetud/Sources/INSA-Air/route.ads;
tour.ads;-;-;0;;;/home/lebotlan/Code/Enseignement/1-Annee/Install-Commetud/Sources/INSA-Air/tour.ads;
simulation.ads;-;-;0;;;/home/lebotlan/Code/Enseignement/1-Annee/Install-Commetud/Sources/INSA-Air/simulation.ads;
cartographie.ads;-;-;0;;;/home/lebotlan/Code/Enseignement/1-Annee/Install-Commetud/Sources/INSA-Air/cartographie.ads;
ippostub_generated.ads;-;-;0;;;/home/lebotlan/Code/Enseignement/1-Annee/Install-Commetud/Sources/IppoLego/ippostub_generated.ads;
ippohelper.ads;-;-;0;;;/home/lebotlan/Code/Enseignement/1-Annee/Install-Commetud/Sources/IppoLego/Old-protocol/ippohelper.ads;
ipopipestub.ads;-;-;0;;;/home/lebotlan/Code/Enseignement/1-Annee/Install-Commetud/Sources/IppoLego/Old-protocol/ipopipestub.ads;
ippolego.ads;-;-;0;;;/home/lebotlan/Code/Enseignement/1-Annee/Install-Commetud/Sources/IppoLego/Old-protocol/ippolego.ads;
ipostub_generated.ads;-;-;0;;;/home/lebotlan/Code/Enseignement/1-Annee/Install-Commetud/Sources/IppoLego/Old-protocol/ipostub_generated.ads;
ippohelper.ads;-;-;0;;;/home/lebotlan/Code/Enseignement/1-Annee/Install-Commetud/Sources/IppoLego/ippohelper.ads;
ippolego.ads;-;-;0;;;/home/lebotlan/Code/Enseignement/1-Annee/Install-Commetud/Sources/IppoLego/ippolego.ads;
kakorobot.ads;-;-;0;;;/home/lebotlan/Code/Enseignement/1-Annee/Install-Commetud/Sources/KakoRobot/kakorobot.ads;
kpipestub.ads;-;-;0;;;/home/lebotlan/Code/Enseignement/1-Annee/Install-Commetud/Sources/KakoRobot/kpipestub.ads;
kstub_generated.ads;-;-;0;;;/home/lebotlan/Code/Enseignement/1-Annee/Install-Commetud/Sources/KakoRobot/kstub_generated.ads;
simple_jpeg_lib.ads;-;-;0;;;/home/lebotlan/Code/Enseignement/1-Annee/Install-Commetud/Sources/JPG/simple_jpeg_lib.ads;
caracteres.ads;-;-;0;;;/home/lebotlan/Code/Enseignement/1-Annee/Install-Commetud/Sources/JPG/caracteres.ads;
jpg.ads;-;-;0;;;/home/lebotlan/Code/Enseignement/1-Annee/Install-Commetud/Sources/JPG/jpg.ads;
plongee.ads;-;-;0;;;/home/lebotlan/Code/Enseignement/1-Annee/Test-Plongee/plongee.ads;
presidents.ads;-;-;0;;;/home/lebotlan/Code/Enseignement/1-Annee/Semestre-2/Cours1/presidents.ads;
calendrier.ads;-;-;0;;;/home/lebotlan/Code/Enseignement/1-Annee/Semestre-2/Exos_Complementaires/calendrier.ads;
tennis.ads;-;-;0;;;/home/lebotlan/Code/Enseignement/1-Annee/Semestre-2/Exos_Complementaires/Tennis/tennis.ads;
mouv.ads;-;-;0;;;/home/lebotlan/Code/Enseignement/1-Annee/Semestre-2/Exos_Complementaires/Soluces/mouv.ads;
farm.ads;-;-;0;;;/home/lebotlan/Code/Enseignement/1-Annee/Semestre-2/Exos_Complementaires/Soluces/farm.ads;
train.ads;-;-;0;;;/home/lebotlan/Code/Enseignement/1-Annee/Old/old_acteurs/train.ads;
serv.ads;-;-;0;;;/home/lebotlan/Code/Enseignement/1-Annee/Old/old_acteurs/serv.ads;
assertions.ads;-;-;0;;;/home/lebotlan/Code/Enseignement/1-Annee/Old/old_acteurs/assertions.ads;
rfid.ads;-;-;0;;;/home/lebotlan/Code/Enseignement/1-Annee/Old/old_acteurs/rfid.ads;
gouvernes.ads;-;-;0;;;/home/lebotlan/Code/Enseignement/1-Annee/Old/old_acteurs/gouvernes.ads;
airports.ads;-;-;0;;;/home/lebotlan/Code/Enseignement/1-Annee/Old/old_acteurs/airports.ads;
insa_air.ads;-;-;0;;;/home/lebotlan/Code/Enseignement/1-Annee/Old/old_acteurs/insa_air.ads;
centrale_inertie.ads;-;-;0;;;/home/lebotlan/Code/Enseignement/1-Annee/Old/old_acteurs/centrale_inertie.ads;
gps.ads;-;-;0;;;/home/lebotlan/Code/Enseignement/1-Annee/Old/old_acteurs/gps.ads;
simule.ads;-;-;0;;;/home/lebotlan/Code/Enseignement/1-Annee/Old/old_acteurs/simule.ads;
securite.ads;-;-;0;;;/home/lebotlan/Code/Enseignement/1-Annee/Old/old_acteurs/securite.ads;
cine.ads;-;-;0;;;/home/lebotlan/Code/Enseignement/1-Annee/Old/old_acteurs/cine.ads;
comm.ads;-;-;0;;;/home/lebotlan/Code/Enseignement/1-Annee/Old/old_acteurs/comm.ads;
radio.ads;-;-;0;;;/home/lebotlan/Code/Enseignement/1-Annee/Old/old_acteurs/radio.ads;
cartographie.ads;-;-;0;;;/home/lebotlan/Code/Enseignement/1-Annee/Old/old_acteurs/cartographie.ads;
natation.ads;-;-;0;;;/home/lebotlan/Code/Enseignement/1-Annee/Controles/Semestre2/Preparation_Images_Cryptees/Sujets/Sujet2/Question_3/natation.ads;
couleurs.ads;-;-;0;;;/home/lebotlan/Code/Enseignement/1-Annee/Controles/Semestre2/Preparation_Images_Cryptees/Sujets/Sujet2/Question_1/couleurs.ads;
facedebook.ads;-;-;0;;;/home/lebotlan/Code/Enseignement/1-Annee/Controles/Semestre2/Preparation_Images_Cryptees/Sujets/Sujet4/Question_3/facedebook.ads;
chifoumi.ads;-;-;0;;;/home/lebotlan/Code/Enseignement/1-Annee/Controles/Semestre2/Preparation_Images_Cryptees/Sujets/Sujet4/Question_1/chifoumi.ads;
genome.ads;-;-;0;;;/home/lebotlan/Code/Enseignement/1-Annee/Controles/Semestre2/Preparation_Images_Cryptees/Sujets/Sujet1/Question_1/genome.ads;
cours.ads;-;-;0;;;/home/lebotlan/Code/Enseignement/1-Annee/Controles/Semestre2/Preparation_Images_Cryptees/Sujets/Sujet3/Question_1/cours.ads;
pharma.ads;-;-;0;;;/home/lebotlan/Code/Enseignement/1-Annee/Controles/Semestre2/Acteurs/pharma.ads;
pharma.ads;-;-;0;;;/home/lebotlan/Code/Enseignement/1-Annee/Controles/Semestre2/Acteurs/Tests/Test-Q1/Test-S5-idalgo/pharma.ads;
invokhelper.ads;-;-;0;;;/home/lebotlan/Code/Enseignement/1-Annee/Controles/Semestre2/Acteurs/Tests/Test-Q1/Test-S5-idalgo/invokhelper.ads;
helper.ads;-;-;0;;;/home/lebotlan/Code/Enseignement/1-Annee/Controles/Semestre2/Acteurs/Tests/Test-Q1/Test-S5-idalgo/helper.ads;
writer.ads;-;-;0;;;/home/lebotlan/Code/Enseignement/1-Annee/Controles/Semestre2/Acteurs/Tests/Test-Q1/Test-S5-idalgo/writer.ads;
invokhelper.ads;-;-;0;;;/home/lebotlan/Code/Enseignement/1-Annee/Controles/Semestre2/Acteurs/Tests/Test-Q1/Test-S4-idalgo/invokhelper.ads;
helper.ads;-;-;0;;;/home/lebotlan/Code/Enseignement/1-Annee/Controles/Semestre2/Acteurs/Tests/Test-Q1/Test-S4-idalgo/helper.ads;
codage.ads;-;-;0;;;/home/lebotlan/Code/Enseignement/1-Annee/Controles/Semestre2/Acteurs/Tests/Test-Q1/Test-S6-idalgo/codage.ads;
helper.ads;-;-;0;;;/home/lebotlan/Code/Enseignement/1-Annee/Controles/Semestre2/Acteurs/Tests/Test-Q1/Test-S6-idalgo/helper.ads;
invokhelper.ads;-;-;0;;;/home/lebotlan/Code/Enseignement/1-Annee/Controles/Semestre2/Acteurs/Tests/Test-Q1/Test-S2-idalgo/invokhelper.ads;
helper.ads;-;-;0;;;/home/lebotlan/Code/Enseignement/1-Annee/Controles/Semestre2/Acteurs/Tests/Test-Q1/Test-S2-idalgo/helper.ads;
invokhelper.ads;-;-;0;;;/home/lebotlan/Code/Enseignement/1-Annee/Controles/Semestre2/Acteurs/Tests/Test-Q1/Test-S1-idalgo/invokhelper.ads;
helper.ads;-;-;0;;;/home/lebotlan/Code/Enseignement/1-Annee/Controles/Semestre2/Acteurs/Tests/Test-Q1/Test-S1-idalgo/helper.ads;
invokhelper.ads;-;-;0;;;/home/lebotlan/Code/Enseignement/1-Annee/Controles/Semestre2/Acteurs/Tests/Test-Q1/Test-S3-idalgo/invokhelper.ads;
helper.ads;-;-;0;;;/home/lebotlan/Code/Enseignement/1-Annee/Controles/Semestre2/Acteurs/Tests/Test-Q1/Test-S3-idalgo/helper.ads;
helper.ads;-;-;0;;;/home/lebotlan/Code/Enseignement/1-Annee/Controles/Semestre2/Acteurs/Tests/Test-Q2/Test-S5-idalgo/helper.ads;
natationbis.ads;-;-;0;;;/home/lebotlan/Code/Enseignement/1-Annee/Controles/Semestre2/Acteurs/Tests/Test-Q2/natationbis.ads;
helper.ads;-;-;0;;;/home/lebotlan/Code/Enseignement/1-Annee/Controles/Semestre2/Acteurs/Tests/Test-Q2/Test-S4-idalgo/helper.ads;
faface.ads;-;-;0;;;/home/lebotlan/Code/Enseignement/1-Annee/Controles/Semestre2/Acteurs/Tests/Test-Q2/Test-S4-idalgo/faface.ads;
helper.ads;-;-;0;;;/home/lebotlan/Code/Enseignement/1-Annee/Controles/Semestre2/Acteurs/Tests/Test-Q2/Test-S2-idalgo/helper.ads;
helper.ads;-;-;0;;;/home/lebotlan/Code/Enseignement/1-Annee/Controles/Semestre2/Acteurs/Tests/Test-Q3/Test-S4-idalgo/helper.ads;
helper.ads;-;-;0;;;/home/lebotlan/Code/Enseignement/1-Annee/Controles/Semestre2/Acteurs/Tests/Test-Q3/Test-S2-idalgo/helper.ads;
helper.ads;-;-;0;;;/home/lebotlan/Code/Enseignement/1-Annee/Controles/Semestre2/Acteurs/Tests/Test-Q4/Test-S2-idalgo/helper.ads;
helper.ads;-;-;0;;;/home/lebotlan/Code/Enseignement/1-Annee/Controles/Semestre2/Acteurs/Tests/Test-Q4/Test-S3-idalgo/helper.ads;
genome.ads;-;-;0;;;/home/lebotlan/Code/Enseignement/1-Annee/Controles/Semestre2/Acteurs/Solution_Sujet2/Question_1/genome.ads;
stations.ads;-;-;0;;;/home/lebotlan/Code/Enseignement/1-Annee/Controles/Semestre1/Sujet-Passe-a-M.Deleris/stations.ads;
phone.ads;-;-;0;;;/home/lebotlan/Code/Enseignement/1-Annee/Controles/Semestre1/Sujet-Passe-a-M.Deleris/phone.ads;
cine.ads;-;-;0;;;/home/lebotlan/Code/Enseignement/1-Annee/Controles/Semestre1/Preparation_Images_Cryptees/Sujets/Sujet5/Question_3/cine.ads;
enquete.ads;-;-;0;;;/home/lebotlan/Code/Enseignement/1-Annee/Controles/Semestre1/Preparation_Images_Cryptees/Sujets/Sujet2/Question_3/enquete.ads;
analyse.ads;-;-;0;;;/home/lebotlan/Code/Enseignement/1-Annee/Controles/Semestre1/Preparation_Images_Cryptees/Sujets/Sujet2/Question_1/analyse.ads;
brico.ads;-;-;0;;;/home/lebotlan/Code/Enseignement/1-Annee/Controles/Semestre1/Preparation_Images_Cryptees/Sujets/Sujet4/Question_3/brico.ads;
four.ads;-;-;0;;;/home/lebotlan/Code/Enseignement/1-Annee/Controles/Semestre1/Preparation_Images_Cryptees/Sujets/Sujet4/Question_1/four.ads;
phone.ads;-;-;0;;;/home/lebotlan/Code/Enseignement/1-Annee/Controles/Semestre1/Preparation_Images_Cryptees/Sujets/Sujet1/Question_3/phone.ads;
peinture.ads;-;-;0;;;/home/lebotlan/Code/Enseignement/1-Annee/Controles/Semestre1/Preparation_Images_Cryptees/Sujets/Sujet6/Question_3/peinture.ads;
librairie.ads;-;-;0;;;/home/lebotlan/Code/Enseignement/1-Annee/Controles/Semestre1/Preparation_Images_Cryptees/Sujets/Sujet3/Question_3/librairie.ads;
invokhelper.ads;-;-;0;;;/home/lebotlan/Code/Enseignement/1-Annee/Controles/Semestre1/Acteurs/Tests/Test-Q1/Test-S2-idinvok/invokhelper.ads;
analyse.ads;-;-;0;;;/home/lebotlan/Code/Enseignement/1-Annee/Controles/Semestre1/Acteurs/Tests/Test-Q1/Test-S2-idinvok/analyse.ads;
stations.ads;-;-;0;;;/home/lebotlan/Code/Enseignement/1-Annee/Controles/Semestre1/Acteurs/Tests/Test-Q1/Test-S5-idalgo/stations.ads;
helper.ads;-;-;0;;;/home/lebotlan/Code/Enseignement/1-Annee/Controles/Semestre1/Acteurs/Tests/Test-Q1/Test-S5-idalgo/helper.ads;
four.ads;-;-;0;;;/home/lebotlan/Code/Enseignement/1-Annee/Controles/Semestre1/Acteurs/Tests/Test-Q1/Test-S4-idinvok/four.ads;
invokhelper.ads;-;-;0;;;/home/lebotlan/Code/Enseignement/1-Annee/Controles/Semestre1/Acteurs/Tests/Test-Q1/Test-S4-idinvok/invokhelper.ads;
invokhelper.ads;-;-;0;;;/home/lebotlan/Code/Enseignement/1-Annee/Controles/Semestre1/Acteurs/Tests/Test-Q1/Test-S1-idinvok/invokhelper.ads;
invokhelper.ads;-;-;0;;;/home/lebotlan/Code/Enseignement/1-Annee/Controles/Semestre1/Acteurs/Tests/Test-Q1/Test-S3-idinvok/invokhelper.ads;
helper.ads;-;-;0;;;/home/lebotlan/Code/Enseignement/1-Annee/Controles/Semestre1/Acteurs/Tests/Test-Q1/Test-S4-idalgo/helper.ads;
helper.ads;-;-;0;;;/home/lebotlan/Code/Enseignement/1-Annee/Controles/Semestre1/Acteurs/Tests/Test-Q1/Test-S6-idalgo/helper.ads;
helper.ads;-;-;0;;;/home/lebotlan/Code/Enseignement/1-Annee/Controles/Semestre1/Acteurs/Tests/Test-Q1/Test-S3-idalgo/helper.ads;
helper.ads;-;-;0;;;/home/lebotlan/Code/Enseignement/1-Annee/Controles/Semestre1/Acteurs/Tests/Test-Q2/Test-S5-idalgo/helper.ads;
cine.ads;-;-;0;;;/home/lebotlan/Code/Enseignement/1-Annee/Controles/Semestre1/Acteurs/Tests/Test-Q2/Test-S5-idalgo/cine.ads;
brico.ads;-;-;0;;;/home/lebotlan/Code/Enseignement/1-Annee/Controles/Semestre1/Acteurs/Tests/Test-Q2/Test-S4-idalgo/brico.ads;
helper.ads;-;-;0;;;/home/lebotlan/Code/Enseignement/1-Annee/Controles/Semestre1/Acteurs/Tests/Test-Q2/Test-S4-idalgo/helper.ads;
helper.ads;-;-;0;;;/home/lebotlan/Code/Enseignement/1-Annee/Controles/Semestre1/Acteurs/Tests/Test-Q2/Test-S6-idalgo/helper.ads;
peinture.ads;-;-;0;;;/home/lebotlan/Code/Enseignement/1-Annee/Controles/Semestre1/Acteurs/Tests/Test-Q2/Test-S6-idalgo/peinture.ads;
enquete.ads;-;-;0;;;/home/lebotlan/Code/Enseignement/1-Annee/Controles/Semestre1/Acteurs/Tests/Test-Q2/Test-S2-idalgo/enquete.ads;
helper.ads;-;-;0;;;/home/lebotlan/Code/Enseignement/1-Annee/Controles/Semestre1/Acteurs/Tests/Test-Q2/Test-S2-idalgo/helper.ads;
phone.ads;-;-;0;;;/home/lebotlan/Code/Enseignement/1-Annee/Controles/Semestre1/Acteurs/Tests/Test-Q2/Test-S1-idalgo/phone.ads;
helper.ads;-;-;0;;;/home/lebotlan/Code/Enseignement/1-Annee/Controles/Semestre1/Acteurs/Tests/Test-Q2/Test-S1-idalgo/helper.ads;
librairie.ads;-;-;0;;;/home/lebotlan/Code/Enseignement/1-Annee/Controles/Semestre1/Acteurs/Tests/Test-Q2/Test-S3-idalgo/librairie.ads;
helper.ads;-;-;0;;;/home/lebotlan/Code/Enseignement/1-Annee/Controles/Semestre1/Acteurs/Tests/Test-Q2/Test-S3-idalgo/helper.ads;
partition.ads;-;-;0;;;/home/lebotlan/Home_LeBotlan_srvINSA/Sujet-Stoyann/partition.ads;
presidents.ads;-;-;0;;;/home/lebotlan/www/insa/site-wget/insa2/Ada-S2/Exos_Preparatoires/Cours1/presidents.ads;
tennis.ads;-;-;0;;;/home/lebotlan/www/insa/site-wget/insa2/Ada-S2/Exos_Complementaires/tennis.ads;
ascenseur.ads;-;-;0;;;/home/lebotlan/www/insa/cours/exo6/ascenseur.ads;
alarme.ads;-;-;0;;;/home/lebotlan/www/insa/cours/exo6/alarme.ads;
jpg.ads;-;-;0;;;/home/lebotlan/www/insa/cours/tpada/jpg.ads;
term.ads;-;-;0;;;/home/lebotlan/www/insa/cours/tpada/term.ads;
serv.ads;-;-;0;;;/home/lebotlan/Travail/Enseignement/2015-16/1-Annee/ADA-UV2/Planches/serv.ads;
rfid.ads;-;-;0;;;/home/lebotlan/Travail/Enseignement/2015-16/1-Annee/ADA-UV2/Planches/rfid.ads;
presidents.ads;-;-;0;;;/home/lebotlan/Travail/Enseignement/2015-16/1-Annee/ADA-UV2/Planches/presidents.ads;
plongee.ads;-;-;1;;;/home/lebotlan/Travail/Enseignement/2015-16/1-Annee/ADA-UV2/Planches/plongee.ads;
mobile.ads;-;-;0;;;/home/lebotlan/Travail/Enseignement/2015-16/1-Annee/ADA-UV2/Planches/mobile.ads;
plongee2.ads;-;-;1;;;/home/lebotlan/Travail/Enseignement/2015-16/1-Annee/ADA-UV2/Planches/plongee2.ads;
coul.ads;-;-;1;;;/home/lebotlan/Travail/Enseignement/2015-16/1-Annee/ADA-UV2/Planches/coul.ads;
capteurs.ads;-;-;0;;;/home/lebotlan/Travail/Enseignement/2015-16/1-Annee/ADA-UV2/Polycopie-TD/Poly_Algo_TD_Texte/capteurs.ads;
ippohelper.ads;-;-;0;;;/home/lebotlan/Travail/Enseignement/2015-16/1-Annee/ADA-UV2/Polycopie-TD/ippohelper.ads;
ippolego.ads;-;-;0;;;/home/lebotlan/Travail/Enseignement/2015-16/1-Annee/ADA-UV2/Polycopie-TD/ippolego.ads;
prog-structure-acteur.ads;-;-;1;;;/home/lebotlan/Travail/Enseignement/2015-16/1-Annee/ADA-UV1/Polycopie-Cours/prog-structure-acteur.ads;
insaair.ads;-;-;1;;;/home/lebotlan/Travail/Enseignement/2015-16/1-Annee/ADA-UV1/Planches/insaair.ads;
MarsRover.ads;-;-;1;;;/home/lebotlan/Travail/Enseignement/2015-16/1-Annee/ADA-UV1/Planches/MarsRover.ads;
tapis.ads;-;-;0;;;/home/lebotlan/Travail/Enseignement/2015-16/1-Annee/ADA-UV1/Polycopie-TD/tapis.ads;
mesure.ads;-;-;0;;;/home/lebotlan/Travail/Enseignement/2015-16/1-Annee/ADA-UV1/Polycopie-TD/Polycopie-Texte/mesure.ads;
mail.ads;-;-;0;;;/home/lebotlan/Travail/Enseignement/2015-16/1-Annee/ADA-UV1/Polycopie-TD/mail.ads;
banque.ads;-;-;0;;;/home/lebotlan/Travail/Enseignement/2015-16/1-Annee/ADA-UV1/Polycopie-TD/banque.ads;
souris.ads;-;-;0;;;/home/lebotlan/Travail/Enseignement/2006-07/1-Annee/CDROM-Pascal/cd_motet/An00-01/Tp/Packages-2000/Calculatrice2000/repertoire-amphis/souris.ads;
fenetre.ads;-;-;0;;;/home/lebotlan/Travail/Enseignement/2006-07/1-Annee/CDROM-Pascal/cd_motet/An00-01/Tp/Packages-2000/Calculatrice2000/repertoire-amphis/fenetre.ads;
adagraph.ads;-;-;0;;;/home/lebotlan/Travail/Enseignement/2006-07/1-Annee/CDROM-Pascal/cd_motet/An00-01/Tp/Packages-2000/Calculatrice2000/repertoire-amphis/adagraph.ads;
commun.ads;-;-;0;;;/home/lebotlan/Travail/Enseignement/2006-07/1-Annee/CDROM-Pascal/cd_motet/An00-01/Tp/Packages-2000/Calculatrice2000/repertoire-amphis/commun.ads;
ecran.ads;-;-;0;;;/home/lebotlan/Travail/Enseignement/2006-07/1-Annee/CDROM-Pascal/cd_motet/An00-01/Tp/Packages-2000/Calculatrice2000/repertoire-amphis/ecran.ads;
clavier.ads;-;-;0;;;/home/lebotlan/Travail/Enseignement/2006-07/1-Annee/CDROM-Pascal/cd_motet/An00-01/Tp/Packages-2000/Calculatrice2000/repertoire-amphis/clavier.ads;
utilisation.ads;-;-;0;;;/home/lebotlan/Travail/Enseignement/2006-07/1-Annee/CDROM-Pascal/cd_motet/An00-01/Tp/Packages-2000/Calculatrice2000/repertoire-amphis/utilisation.ads;
afficheur.ads;-;-;0;;;/home/lebotlan/Travail/Enseignement/2006-07/1-Annee/CDROM-Pascal/cd_motet/An00-01/Tp/Packages-2000/Calculatrice2000/repertoire-amphis/afficheur.ads;
crt_io.ads;-;-;0;;;/home/lebotlan/Travail/Enseignement/2006-07/1-Annee/CDROM-Pascal/cd_motet/An00-01/Tp/Packages-2000/commun/crt_io.ads;
adagraph.ads;-;-;0;;;/home/lebotlan/Travail/Enseignement/2006-07/1-Annee/CDROM-Pascal/cd_motet/An00-01/Tp/Packages-2000/commun/AdaGraphX/adagraph.ads;
imageVGA.ads;-;-;0;;;/home/lebotlan/Travail/Enseignement/2006-07/1-Annee/CDROM-Pascal/cd_motet/An00-01/Tp/Packages-2000/commun/afficheur/imageVGA.ads;
souris.ads;-;-;0;;;/home/lebotlan/Travail/Enseignement/2006-07/1-Annee/CDROM-Pascal/cd_motet/An00-01/Tp/Packages-2000/commun/afficheur/souris.ads;
systeme.ads;-;-;0;;;/home/lebotlan/Travail/Enseignement/2006-07/1-Annee/CDROM-Pascal/cd_motet/An00-01/Tp/Packages-2000/commun/afficheur/systeme.ads;
afficheur.ads;-;-;0;;;/home/lebotlan/Travail/Enseignement/2006-07/1-Annee/CDROM-Pascal/cd_motet/An00-01/Tp/Packages-2000/commun/afficheur/afficheur.ads;
dames_gui.ads;-;-;0;;;/home/lebotlan/Travail/Enseignement/2006-07/1-Annee/CDROM-Pascal/cd_motet/An00-01/Tp/Packages-2000/commun/projet/dames_gui.ads;
adagraph-augustin.ads;-;-;0;;;/home/lebotlan/Travail/Enseignement/2006-07/1-Annee/CDROM-Pascal/cd_motet/An00-01/Tp/Packages-2000/Ascenseur2000/annexes/adagraph-augustin.ads;
appel.ads;-;-;0;;;/home/lebotlan/Travail/Enseignement/2006-07/1-Annee/CDROM-Pascal/cd_motet/An00-01/Tp/Packages-2000/Ascenseur2000/communs-asc/appel.ads;
porte.ads;-;-;0;;;/home/lebotlan/Travail/Enseignement/2006-07/1-Annee/CDROM-Pascal/cd_motet/An00-01/Tp/Packages-2000/Ascenseur2000/communs-asc/porte.ads;
commun.ads;-;-;0;;;/home/lebotlan/Travail/Enseignement/2006-07/1-Annee/CDROM-Pascal/cd_motet/An00-01/Tp/Packages-2000/Ascenseur2000/communs-asc/commun.ads;
moteur.ads;-;-;0;;;/home/lebotlan/Travail/Enseignement/2006-07/1-Annee/CDROM-Pascal/cd_motet/An00-01/Tp/Packages-2000/Ascenseur2000/communs-asc/moteur.ads;
systeme.ads;-;-;0;;;/home/lebotlan/Travail/Enseignement/2006-07/1-Annee/CDROM-Pascal/cd_motet/An00-01/Tp/Packages-2000/Ascenseur2000/communs-asc/systeme.ads;
appel.ads;-;-;0;;;/home/lebotlan/Travail/Enseignement/2006-07/1-Annee/CDROM-Pascal/cd_motet/An99-00/tp/Commun2/tp_ascen/appel.ads;
porte.ads;-;-;0;;;/home/lebotlan/Travail/Enseignement/2006-07/1-Annee/CDROM-Pascal/cd_motet/An99-00/tp/Commun2/tp_ascen/porte.ads;
souris.ads;-;-;0;;;/home/lebotlan/Travail/Enseignement/2006-07/1-Annee/CDROM-Pascal/cd_motet/An99-00/tp/Commun2/tp_ascen/souris.ads;
fenetre.ads;-;-;0;;;/home/lebotlan/Travail/Enseignement/2006-07/1-Annee/CDROM-Pascal/cd_motet/An99-00/tp/Commun2/tp_ascen/fenetre.ads;
commun.ads;-;-;0;;;/home/lebotlan/Travail/Enseignement/2006-07/1-Annee/CDROM-Pascal/cd_motet/An99-00/tp/Commun2/tp_ascen/commun.ads;
vga_io.ads;-;-;0;;;/home/lebotlan/Travail/Enseignement/2006-07/1-Annee/CDROM-Pascal/cd_motet/An99-00/tp/Commun2/tp_ascen/vga_io.ads;
moteur.ads;-;-;0;;;/home/lebotlan/Travail/Enseignement/2006-07/1-Annee/CDROM-Pascal/cd_motet/An99-00/tp/Commun2/tp_ascen/moteur.ads;
systeme.ads;-;-;0;;;/home/lebotlan/Travail/Enseignement/2006-07/1-Annee/CDROM-Pascal/cd_motet/An99-00/tp/Commun2/tp_ascen/systeme.ads;
vgagraph.ads;-;-;0;;;/home/lebotlan/Travail/Enseignement/2006-07/1-Annee/CDROM-Pascal/cd_motet/An99-00/tp/Commun2/tp_ascen/vgagraph.ads;
afficheu.ads;-;-;0;;;/home/lebotlan/Travail/Enseignement/2006-07/1-Annee/CDROM-Pascal/cd_motet/An99-00/tp/Commun2/tp_ascen/afficheu.ads;
djgplibr.ads;-;-;0;;;/home/lebotlan/Travail/Enseignement/2006-07/1-Annee/CDROM-Pascal/cd_motet/An99-00/tp/Commun2/tp_ascen/djgplibr.ads;
vehicule.ads;-;-;0;;;/home/lebotlan/Travail/Enseignement/2006-07/1-Annee/CDROM-Pascal/cd_motet/An99-00/tp/Commun2/tp_guide/vehicule.ads;
fenetre.ads;-;-;0;;;/home/lebotlan/Travail/Enseignement/2006-07/1-Annee/CDROM-Pascal/cd_motet/An99-00/tp/Commun2/tp_guide/fenetre.ads;
simulati.ads;-;-;0;;;/home/lebotlan/Travail/Enseignement/2006-07/1-Annee/CDROM-Pascal/cd_motet/An99-00/tp/Commun2/tp_guide/simulati.ads;
cable.ads;-;-;0;;;/home/lebotlan/Travail/Enseignement/2006-07/1-Annee/CDROM-Pascal/cd_motet/An99-00/tp/Commun2/tp_guide/cable.ads;
commun.ads;-;-;0;;;/home/lebotlan/Travail/Enseignement/2006-07/1-Annee/CDROM-Pascal/cd_motet/An99-00/tp/Commun2/tp_guide/commun.ads;
vgagraph.ads;-;-;0;;;/home/lebotlan/Travail/Enseignement/2006-07/1-Annee/CDROM-Pascal/cd_motet/An99-00/tp/Commun2/tp_guide/vgagraph.ads;
sysdegui.ads;-;-;0;;;/home/lebotlan/Travail/Enseignement/2006-07/1-Annee/CDROM-Pascal/cd_motet/An99-00/tp/Commun2/tp_guide/sysdegui.ads;
capteurs.ads;-;-;0;;;/home/lebotlan/Travail/Enseignement/2006-07/1-Annee/CDROM-Pascal/cd_motet/An99-00/tp/Commun2/tp_robot/capteurs.ads;
mesure.ads;-;-;0;;;/home/lebotlan/Travail/Enseignement/2006-07/1-Annee/CDROM-Pascal/cd_motet/An99-00/tp/Commun2/tp_robot/mesure.ads;
simulati.ads;-;-;0;;;/home/lebotlan/Travail/Enseignement/2006-07/1-Annee/CDROM-Pascal/cd_motet/An99-00/tp/Commun2/tp_robot/simulati.ads;
commun.ads;-;-;0;;;/home/lebotlan/Travail/Enseignement/2006-07/1-Annee/CDROM-Pascal/cd_motet/An99-00/tp/Commun2/tp_robot/commun.ads;
robot.ads;-;-;0;;;/home/lebotlan/Travail/Enseignement/2006-07/1-Annee/CDROM-Pascal/cd_motet/An99-00/tp/Commun2/tp_robot/robot.ads;
utilisat.ads;-;-;0;;;/home/lebotlan/Travail/Enseignement/2006-07/1-Annee/CDROM-Pascal/cd_motet/An99-00/tp/Commun2/examen/utilisat.ads;
fenetre.ads;-;-;0;;;/home/lebotlan/Travail/Enseignement/2006-07/1-Annee/CDROM-Pascal/cd_motet/An99-00/tp/Commun2/examen/fenetre.ads;
commun.ads;-;-;0;;;/home/lebotlan/Travail/Enseignement/2006-07/1-Annee/CDROM-Pascal/cd_motet/An99-00/tp/Commun2/examen/commun.ads;
ecran.ads;-;-;0;;;/home/lebotlan/Travail/Enseignement/2006-07/1-Annee/CDROM-Pascal/cd_motet/An99-00/tp/Commun2/examen/ecran.ads;
clavier.ads;-;-;0;;;/home/lebotlan/Travail/Enseignement/2006-07/1-Annee/CDROM-Pascal/cd_motet/An99-00/tp/Commun2/examen/clavier.ads;
afficheu.ads;-;-;0;;;/home/lebotlan/Travail/Enseignement/2006-07/1-Annee/CDROM-Pascal/cd_motet/An99-00/tp/Commun2/examen/afficheu.ads;
structure_de_donnees.ads;-;-;0;;;/home/lebotlan/Travail/Enseignement/2006-07/1-Annee/CDROM-Pascal/commetud_ada_2006/enigma/structure_de_donnees.ads;
cryptage.ads;-;-;0;;;/home/lebotlan/Travail/Enseignement/2006-07/1-Annee/CDROM-Pascal/commetud_ada_2006/enigma/cryptage.ads;
screen.ads;-;-;0;;;/home/lebotlan/Travail/Enseignement/2006-07/1-Annee/CDROM-Pascal/commetud_ada_2006/enigma/screen.ads;
terminal.ads;-;-;0;;;/home/lebotlan/Travail/Enseignement/2006-07/1-Annee/CDROM-Pascal/commetud_ada_2006/enigma/terminal.ads;
english.ads;-;-;0;;;/home/lebotlan/Travail/Enseignement/2006-07/1-Annee/CDROM-Pascal/commetud_ada_2006/joujou/libs/terminalada/texttools/english.ads;
clavier.ads;-;-;0;;;/home/lebotlan/Travail/Enseignement/2006-07/1-Annee/CDROM-Pascal/commetud_ada_2006/joujou/libs/terminalada/texttools/clavier.ads;
signals.ads;-;-;0;;;/home/lebotlan/Travail/Enseignement/2006-07/1-Annee/CDROM-Pascal/commetud_ada_2006/joujou/libs/terminalada/texttools/signals.ads;
inter_connect.ads;-;-;0;;;/home/lebotlan/Travail/Enseignement/2006-07/1-Annee/CDROM-Pascal/commetud_ada_2006/joujou/inter_connect.ads;
terminal.ads;-;-;0;;;/home/lebotlan/Travail/Enseignement/2006-07/1-Annee/CDROM-Pascal/commetud_ada_2006/tp_editeur/terminal.ads;
boutons_de_commande.ads;-;-;0;;;/home/lebotlan/Travail/Enseignement/2006-07/1-Annee/CDROM-Pascal/commetud_ada_2006/monde_des_formes/boutons_de_commande.ads;
sockets-link.ads;-;-;0;;;/home/lebotlan/Travail/Enseignement/2006-07/1-Annee/CDROM-Pascal/ada_2004_05/joujou/test/AdaSockets2-1/AdaSockets2/sockets-link.ads;
sockets-stream_io.ads;-;-;0;;;/home/lebotlan/Travail/Enseignement/2006-07/1-Annee/CDROM-Pascal/ada_2004_05/joujou/test/AdaSockets2-1/AdaSockets2/sockets-stream_io.ads;
sockets.ads;-;-;0;;;/home/lebotlan/Travail/Enseignement/2006-07/1-Annee/CDROM-Pascal/ada_2004_05/joujou/test/AdaSockets2-1/AdaSockets2/sockets.ads;
sockets-windows_link.ads;-;-;0;;;/home/lebotlan/Travail/Enseignement/2006-07/1-Annee/CDROM-Pascal/ada_2004_05/joujou/test/AdaSockets2-1/AdaSockets2/sockets-windows_link.ads;
sockets-multicast.ads;-;-;0;;;/home/lebotlan/Travail/Enseignement/2006-07/1-Annee/CDROM-Pascal/ada_2004_05/joujou/test/AdaSockets2-1/AdaSockets2/sockets-multicast.ads;
sockets-naming.ads;-;-;0;;;/home/lebotlan/Travail/Enseignement/2006-07/1-Annee/CDROM-Pascal/ada_2004_05/joujou/test/AdaSockets2-1/AdaSockets2/sockets-naming.ads;
sockets-constants.ads;-;-;0;;;/home/lebotlan/Travail/Enseignement/2006-07/1-Annee/CDROM-Pascal/ada_2004_05/joujou/test/AdaSockets2-1/AdaSockets2/sockets-constants.ads;
sockets-utils.ads;-;-;0;;;/home/lebotlan/Travail/Enseignement/2006-07/1-Annee/CDROM-Pascal/ada_2004_05/joujou/test/AdaSockets2-1/AdaSockets2/sockets-utils.ads;
sockets-thin.ads;-;-;0;;;/home/lebotlan/Travail/Enseignement/2006-07/1-Annee/CDROM-Pascal/ada_2004_05/joujou/test/AdaSockets2-1/AdaSockets2/sockets-thin.ads;
sockets-constants.ads;-;-;0;;;/home/lebotlan/Travail/Enseignement/2006-07/1-Annee/CDROM-Pascal/ada_2004_05/2004_05/tripatouille/adasockets-1.8.4.4/contrib/vms/sockets-constants.ads;
sockets-link.ads;-;-;0;;;/home/lebotlan/Travail/Enseignement/2006-07/1-Annee/CDROM-Pascal/ada_2004_05/2004_05/tripatouille/adasockets-1.8.4.4/src/sockets-link.ads;
sockets-stream_io.ads;-;-;0;;;/home/lebotlan/Travail/Enseignement/2006-07/1-Annee/CDROM-Pascal/ada_2004_05/2004_05/tripatouille/adasockets-1.8.4.4/src/sockets-stream_io.ads;
sockets.ads;-;-;0;;;/home/lebotlan/Travail/Enseignement/2006-07/1-Annee/CDROM-Pascal/ada_2004_05/2004_05/tripatouille/adasockets-1.8.4.4/src/sockets.ads;
sockets-windows_link.ads;-;-;0;;;/home/lebotlan/Travail/Enseignement/2006-07/1-Annee/CDROM-Pascal/ada_2004_05/2004_05/tripatouille/adasockets-1.8.4.4/src/sockets-windows_link.ads;
sockets-types.ads;-;-;0;;;/home/lebotlan/Travail/Enseignement/2006-07/1-Annee/CDROM-Pascal/ada_2004_05/2004_05/tripatouille/adasockets-1.8.4.4/src/sockets-types.ads;
sockets-multicast.ads;-;-;0;;;/home/lebotlan/Travail/Enseignement/2006-07/1-Annee/CDROM-Pascal/ada_2004_05/2004_05/tripatouille/adasockets-1.8.4.4/src/sockets-multicast.ads;
sockets-naming.ads;-;-;0;;;/home/lebotlan/Travail/Enseignement/2006-07/1-Annee/CDROM-Pascal/ada_2004_05/2004_05/tripatouille/adasockets-1.8.4.4/src/sockets-naming.ads;
sockets-vms_link.ads;-;-;0;;;/home/lebotlan/Travail/Enseignement/2006-07/1-Annee/CDROM-Pascal/ada_2004_05/2004_05/tripatouille/adasockets-1.8.4.4/src/sockets-vms_link.ads;
sockets-utils.ads;-;-;0;;;/home/lebotlan/Travail/Enseignement/2006-07/1-Annee/CDROM-Pascal/ada_2004_05/2004_05/tripatouille/adasockets-1.8.4.4/src/sockets-utils.ads;
vgagl.ads;-;-;0;;;/home/lebotlan/Travail/Enseignement/2006-07/1-Annee/CDROM-Pascal/ada_2004_05/2004_05/tripatouille/vgagl.ads;
cryptage.ads;-;-;0;;;/home/lebotlan/Travail/Enseignement/2006-07/1-Annee/CDROM-Pascal/ada_2004_05/2004_05/enigmada/colis_prof/corrige_editeur/cryptage.ads;
terminal.ads;-;-;0;;;/home/lebotlan/Travail/Enseignement/2006-07/1-Annee/CDROM-Pascal/ada_2004_05/2004_05/enigmada/colis_prof/corrige_editeur/terminal.ads;
cryptage.ads;-;-;0;;;/home/lebotlan/Travail/Enseignement/2006-07/1-Annee/CDROM-Pascal/ada_2004_05/2004_05/enigmada/colis_prof/corrige_cryptage/cryptage.ads;
donnees.ads;-;-;0;;;/home/lebotlan/Travail/Enseignement/2006-07/1-Annee/CDROM-Pascal/ada_2004_05/2004_05/enigmada/colis_prof/corrige_cryptage/donnees.ads;
cryptage.ads;-;-;0;;;/home/lebotlan/Travail/Enseignement/2006-07/1-Annee/CDROM-Pascal/ada_2004_05/2004_05/enigmada/colis_prof/colis_etudiant/cryptage.ads;
donnees.ads;-;-;0;;;/home/lebotlan/Travail/Enseignement/2006-07/1-Annee/CDROM-Pascal/ada_2004_05/2004_05/enigmada/colis_prof/colis_etudiant/donnees.ads;
peintre.ads;-;-;0;;;/home/lebotlan/Travail/Enseignement/2006-07/1-Annee/CDROM-Pascal/ada_2004_05/tps/tp_peinture/peintre.ads;
rectangle.ads;-;-;0;;;/home/lebotlan/Travail/Enseignement/2006-07/1-Annee/ADA-UV2/SujetInterroTP/Sujet/rectangle.ads;
jpg.ads;-;-;0;;;/home/lebotlan/Travail/Enseignement/2006-07/1-Annee/ADA-UV2/SujetInterroTP/Sujet/jpg.ads;
rectangle.ads;-;-;0;;;/home/lebotlan/Travail/Enseignement/2006-07/1-Annee/ADA-UV2/SujetInterroTP/rectangle.ads;
jpg.ads;-;-;0;;;/home/lebotlan/Travail/Enseignement/2006-07/1-Annee/ADA-UV2/SujetInterroTP/jpg.ads;
caracteres.ads;-;-;0;;;/home/lebotlan/Travail/Enseignement/2006-07/1-Annee/ADA-UV2/TP/caracteres.ads;
png_io-standard_rgb_encodings.ads;-;-;0;;;/home/lebotlan/Travail/Enseignement/2006-07/1-Annee/ADA-UV2/TP/librairies-Ada/PNG/png_io-standard_rgb_encodings.ads;
png_io.ads;-;-;0;;;/home/lebotlan/Travail/Enseignement/2006-07/1-Annee/ADA-UV2/TP/librairies-Ada/PNG/png_io.ads;
png_io-chromaticity_data.ads;-;-;0;;;/home/lebotlan/Travail/Enseignement/2006-07/1-Annee/ADA-UV2/TP/librairies-Ada/PNG/png_io-chromaticity_data.ads;
png_io-gamma_encoding.ads;-;-;0;;;/home/lebotlan/Travail/Enseignement/2006-07/1-Annee/ADA-UV2/TP/librairies-Ada/PNG/png_io-gamma_encoding.ads;
png_io-adam7.ads;-;-;0;;;/home/lebotlan/Travail/Enseignement/2006-07/1-Annee/ADA-UV2/TP/librairies-Ada/PNG/png_io-adam7.ads;
caracteres.ads;-;-;0;;;/home/lebotlan/Travail/Enseignement/2006-07/1-Annee/ADA-UV2/proto-ocaml-ascii-art/caracteres.ads;
facturation_detaillee2.ads;-;-;0;;;/home/lebotlan/Travail/Enseignement/2006-07/1-Annee/ADA-UV2/Corriges/Corrections/TD4/facturation_detaillee2.ads;
facturation_detaillee.ads;-;-;0;;;/home/lebotlan/Travail/Enseignement/2006-07/1-Annee/ADA-UV2/Corriges/Corrections/TD4/facturation_detaillee.ads;
jpg.ads;-;-;0;;;/home/lebotlan/Travail/Enseignement/2006-07/1-Annee/ADA-UV2/Corriges/Corrections/TP3/jpg.ads;
term.ads;-;-;0;;;/home/lebotlan/Travail/Enseignement/2006-07/1-Annee/ADA-UV2/Corriges/Corrections/TP3/term.ads;
support.ads;-;-;0;;;/home/lebotlan/Travail/Enseignement/2006-07/1-Annee/ADA-UV1/SujetInterroTP/support.ads;
test.ads;-;-;0;;;/home/lebotlan/Travail/Enseignement/2006-07/4GI-Graphes/test.ads;
town2.ads;-;-;0;;;/home/lebotlan/Travail/Enseignement/2006-07/4GI-Graphes/town2.ads;
graphe.ads;-;-;0;;;/home/lebotlan/Travail/Enseignement/2006-07/4GI-Graphes/Debug/graphe.ads;
town2.ads;-;-;0;;;/home/lebotlan/Travail/Enseignement/2006-07/4GI-Graphes/Debug/town2.ads;
datas.ads;-;-;0;;;/home/lebotlan/Travail/Enseignement/2006-07/4GI-Graphes/Debug/debug2/datas.ads;
red_black_tree.ads;-;-;0;;;/home/lebotlan/Travail/Enseignement/2006-07/4GI-Graphes/Debug/debug2/red_black_tree.ads;
p_graphe.ads;-;-;0;;;/home/lebotlan/Travail/Enseignement/2006-07/4GI-Graphes/TP1-Corrige/p_graphe.ads;
town2.ads;-;-;0;;;/home/lebotlan/Travail/Enseignement/2006-07/4GI-Graphes/TP1-Corrige/town2.ads;
p_graphe.ads;-;-;0;;;/home/lebotlan/Travail/Enseignement/2006-07/4GI-Graphes/TP_Rendus/Monzo/TP3/p_graphe.ads;
affect2.ads;-;-;1;;;/home/lebotlan/Travail/Enseignement/2006-07/4GI-Graphes/TP_Rendus/Monzo/TP3/affect2.ads;
affect1.ads;-;-;1;;;/home/lebotlan/Travail/Enseignement/2006-07/4GI-Graphes/TP_Rendus/Monzo/TP3/affect1.ads;
p_graphe.ads;-;-;0;;;/home/lebotlan/Travail/Enseignement/2006-07/4GI-Graphes/TP_Rendus/Monzo/TP1/p_graphe.ads;
town2.ads;-;-;0;;;/home/lebotlan/Travail/Enseignement/2006-07/4GI-Graphes/TP_Rendus/Monzo/TP1/town2.ads;
p_graphe.ads;-;-;0;;;/home/lebotlan/Travail/Enseignement/2006-07/4GI-Graphes/TP_Rendus/Monzo/TP2/p_graphe.ads;
town2.ads;-;-;0;;;/home/lebotlan/Travail/Enseignement/2006-07/4GI-Graphes/TP_Rendus/Monzo/TP2/town2.ads;
town.ads;-;-;0;;;/home/lebotlan/Travail/Enseignement/2006-07/4GI-Graphes/TP_Rendus/Monzo/TP2/town.ads;
p_tas.ads;-;-;0;;;/home/lebotlan/Travail/Enseignement/2006-07/4GI-Graphes/TP_Rendus/Monzo/TP2/p_tas.ads;
p_gestion_temps.ads;-;-;0;;;/home/lebotlan/Travail/Enseignement/2006-07/4GI-Graphes/TP_Rendus/Monzo/TP2/p_gestion_temps.ads;
p_graphe.ads;-;-;0;;;/home/lebotlan/Travail/Enseignement/2006-07/4GI-Graphes/TP_Rendus/Deloison/TP3/p_graphe.ads;
affect2.ads;-;-;0;;;/home/lebotlan/Travail/Enseignement/2006-07/4GI-Graphes/TP_Rendus/Deloison/TP3/affect2.ads;
p_piles.ads;-;-;0;;;/home/lebotlan/Travail/Enseignement/2006-07/4GI-Graphes/TP_Rendus/Deloison/TP3/p_piles.ads;
p_tas_gen.ads;-;-;0;;;/home/lebotlan/Travail/Enseignement/2006-07/4GI-Graphes/TP_Rendus/Deloison/TP3/p_tas_gen.ads;
affect1.ads;-;-;0;;;/home/lebotlan/Travail/Enseignement/2006-07/4GI-Graphes/TP_Rendus/Deloison/TP3/affect1.ads;
p_graphe.ads;-;-;0;;;/home/lebotlan/Travail/Enseignement/2006-07/4GI-Graphes/TP_Rendus/Deloison/TP1/p_graphe.ads;
town2.ads;-;-;0;;;/home/lebotlan/Travail/Enseignement/2006-07/4GI-Graphes/TP_Rendus/Deloison/TP1/town2.ads;
p_tas.ads;-;-;0;;;/home/lebotlan/Travail/Enseignement/2006-07/4GI-Graphes/TP_Rendus/Deloison/TP1/p_tas.ads;
graphe.ads;-;-;0;;;/home/lebotlan/Travail/Enseignement/2006-07/4GI-Graphes/TP_Rendus/Feriani/TP3/graphe.ads;
affect2.ads;-;-;0;;;/home/lebotlan/Travail/Enseignement/2006-07/4GI-Graphes/TP_Rendus/Feriani/TP3/affect2.ads;
sommets.ads;-;-;0;;;/home/lebotlan/Travail/Enseignement/2006-07/4GI-Graphes/TP_Rendus/Feriani/TP3/sommets.ads;
p_tas_gen.ads;-;-;0;;;/home/lebotlan/Travail/Enseignement/2006-07/4GI-Graphes/TP_Rendus/Feriani/TP3/p_tas_gen.ads;
affect1.ads;-;-;0;;;/home/lebotlan/Travail/Enseignement/2006-07/4GI-Graphes/TP_Rendus/Feriani/TP3/affect1.ads;
town_m.ads;-;-;0;;;/home/lebotlan/Travail/Enseignement/2006-07/4GI-Graphes/TP_Rendus/Feriani/TP12/town_m.ads;
graphe.ads;-;-;0;;;/home/lebotlan/Travail/Enseignement/2006-07/4GI-Graphes/TP_Rendus/Feriani/TP12/graphe.ads;
town2.ads;-;-;0;;;/home/lebotlan/Travail/Enseignement/2006-07/4GI-Graphes/TP_Rendus/Feriani/TP12/town2.ads;
p_graphe.ads;-;-;0;;;/home/lebotlan/Travail/Enseignement/2006-07/4GI-Graphes/TP_Rendus/Bjerkestrand/p_graphe.ads;
affect2.ads;-;-;1;;;/home/lebotlan/Travail/Enseignement/2006-07/4GI-Graphes/TP_Rendus/Bjerkestrand/affect2.ads;
p_tas.ads;-;-;0;;;/home/lebotlan/Travail/Enseignement/2006-07/4GI-Graphes/TP_Rendus/Bjerkestrand/p_tas.ads;
affect2.ads;-;-;0;;;/home/lebotlan/Travail/Enseignement/2006-07/4GI-Graphes/TP_Rendus/Oddoux/Oddoux-Sassard-Sources_Graphes/affect2.ads;
gestion_temps.ads;-;-;0;;;/home/lebotlan/Travail/Enseignement/2006-07/4GI-Graphes/TP_Rendus/Oddoux/Oddoux-Sassard-Sources_Graphes/gestion_temps.ads;
tas.ads;-;-;0;;;/home/lebotlan/Travail/Enseignement/2006-07/4GI-Graphes/TP_Rendus/Oddoux/Oddoux-Sassard-Sources_Graphes/tas.ads;
graphes.ads;-;-;0;;;/home/lebotlan/Travail/Enseignement/2006-07/4GI-Graphes/TP_Rendus/Oddoux/Oddoux-Sassard-Sources_Graphes/graphes.ads;
piles.ads;-;-;0;;;/home/lebotlan/Travail/Enseignement/2006-07/4GI-Graphes/TP_Rendus/Oddoux/Oddoux-Sassard-Sources_Graphes/piles.ads;
affect1.ads;-;-;0;;;/home/lebotlan/Travail/Enseignement/2006-07/4GI-Graphes/TP_Rendus/Oddoux/Oddoux-Sassard-Sources_Graphes/affect1.ads;
graphe.ads;-;-;0;;;/home/lebotlan/Travail/Enseignement/2006-07/4GI-Graphes/TP_Rendus/Peyroux/TP_Ville/graphe.ads;
town2.ads;-;-;0;;;/home/lebotlan/Travail/Enseignement/2006-07/4GI-Graphes/TP_Rendus/Peyroux/TP_Ville/town2.ads;
town.ads;-;-;0;;;/home/lebotlan/Travail/Enseignement/2006-07/4GI-Graphes/TP_Rendus/Peyroux/TP_Ville/town.ads;
p_tas_gen.ads;-;-;0;;;/home/lebotlan/Travail/Enseignement/2006-07/4GI-Graphes/TP_Rendus/Peyroux/TP_Ville/p_tas_gen.ads;
piles_gen.ads;-;-;0;;;/home/lebotlan/Travail/Enseignement/2006-07/4GI-Graphes/TP_Rendus/Peyroux/TP_Ville/piles_gen.ads;
p_gestion_temps.ads;-;-;0;;;/home/lebotlan/Travail/Enseignement/2006-07/4GI-Graphes/TP_Rendus/Peyroux/TP_Ville/p_gestion_temps.ads;
affect2.ads;-;-;0;;;/home/lebotlan/Travail/Enseignement/2006-07/4GI-Graphes/TP_Rendus/Peyroux/TP_Projet/affect2.ads;
flot.ads;-;-;0;;;/home/lebotlan/Travail/Enseignement/2006-07/4GI-Graphes/TP_Rendus/Peyroux/TP_Projet/flot.ads;
affect1.ads;-;-;0;;;/home/lebotlan/Travail/Enseignement/2006-07/4GI-Graphes/TP_Rendus/Peyroux/TP_Projet/affect1.ads;
p_graphe.ads;-;-;0;;;/home/lebotlan/Travail/Enseignement/2006-07/4GI-Graphes/TP_Rendus/Maes/p_graphe.ads;
town2.ads;-;-;0;;;/home/lebotlan/Travail/Enseignement/2006-07/4GI-Graphes/TP_Rendus/Maes/town2.ads;
affect2.ads;-;-;0;;;/home/lebotlan/Travail/Enseignement/2006-07/4GI-Graphes/TP_Rendus/Maes/affect2.ads;
sommets.ads;-;-;0;;;/home/lebotlan/Travail/Enseignement/2006-07/4GI-Graphes/TP_Rendus/Maes/sommets.ads;
graphes.ads;-;-;0;;;/home/lebotlan/Travail/Enseignement/2006-07/4GI-Graphes/TP_Rendus/Maes/graphes.ads;
town.ads;-;-;0;;;/home/lebotlan/Travail/Enseignement/2006-07/4GI-Graphes/TP_Rendus/Maes/town.ads;
affect1.ads;-;-;1;;;/home/lebotlan/Travail/Enseignement/2006-07/4GI-Graphes/TP_Rendus/Maes/affect1.ads;
graphe.ads;-;-;0;;;/home/lebotlan/Travail/Enseignement/2006-07/4GI-Graphes/TP_Rendus/Roy/Sources/graphe.ads;
town2.ads;-;-;0;;;/home/lebotlan/Travail/Enseignement/2006-07/4GI-Graphes/TP_Rendus/Roy/Sources/town2.ads;
graphe.ads;-;-;0;;;/home/lebotlan/Travail/Enseignement/2006-07/4GI-Graphes/TP_Rendus/Roux/source_tp2_graphe/graphe.ads;
town2.ads;-;-;0;;;/home/lebotlan/Travail/Enseignement/2006-07/4GI-Graphes/TP_Rendus/Roux/source_tp2_graphe/town2.ads;
piles.ads;-;-;0;;;/home/lebotlan/Travail/Enseignement/2006-07/4GI-Graphes/TP_Rendus/Roux/source_tp2_graphe/piles.ads;
p_flots.ads;-;-;0;;;/home/lebotlan/Travail/Enseignement/2006-07/4GI-Graphes/TP_Rendus/Roux/sources_tp3_graphe/p_flots.ads;
flots.ads;-;-;0;;;/home/lebotlan/Travail/Enseignement/2006-07/4GI-Graphes/TP_Rendus/Roux/sources_tp3_graphe/flots.ads;
affect1.ads;-;-;0;;;/home/lebotlan/Travail/Enseignement/2006-07/4GI-Graphes/TP_Rendus/Roux/sources_tp3_graphe/affect1.ads;
p_graphe.ads;-;-;0;;;/home/lebotlan/Travail/Enseignement/2006-07/4GI-Graphes/TP_Rendus/CimetiereNicolotto/tp2/p_graphe.ads;
town2.ads;-;-;0;;;/home/lebotlan/Travail/Enseignement/2006-07/4GI-Graphes/TP_Rendus/CimetiereNicolotto/tp2/town2.ads;
p_graphe.ads;-;-;0;;;/home/lebotlan/Travail/Enseignement/2006-07/4GI-Graphes/TP_Rendus/CimetiereNicolotto/tp1/p_graphe.ads;
p_graphe.ads;-;-;0;;;/home/lebotlan/Travail/Enseignement/2006-07/4GI-Graphes/TP_Rendus/CimetiereNicolotto/tp3/p_graphe.ads;
graphe.ads;-;-;0;;;/home/lebotlan/Travail/Enseignement/2006-07/4GI-Graphes/TP_Rendus/Gonzalez/graphe.ads;
town3.ads;-;-;0;;;/home/lebotlan/Travail/Enseignement/2006-07/4GI-Graphes/TP_Rendus/Gonzalez/town3.ads;
sommets.ads;-;-;0;;;/home/lebotlan/Travail/Enseignement/2006-07/4GI-Graphes/TP_Rendus/Gonzalez/sommets.ads;
pilas.ads;-;-;0;;;/home/lebotlan/Travail/Enseignement/2006-07/4GI-Graphes/TP_Rendus/Gonzalez/pilas.ads;
town.ads;-;-;0;;;/home/lebotlan/Travail/Enseignement/2006-07/4GI-Graphes/TP_Rendus/Gonzalez/town.ads;
town4.ads;-;-;0;;;/home/lebotlan/Travail/Enseignement/2006-07/4GI-Graphes/TP_Rendus/Gonzalez/town4.ads;
graphe.ads;-;-;0;;;/home/lebotlan/Travail/Enseignement/2006-07/4GI-Graphes/TP_Rendus/Gonnay/SUITE/graphe.ads;
affect2.ads;-;-;0;;;/home/lebotlan/Travail/Enseignement/2006-07/4GI-Graphes/TP_Rendus/Gonnay/SUITE/affect2.ads;
affect1.ads;-;-;0;;;/home/lebotlan/Travail/Enseignement/2006-07/4GI-Graphes/TP_Rendus/Gonnay/SUITE/affect1.ads;
graphe.ads;-;-;0;;;/home/lebotlan/Travail/Enseignement/2006-07/4GI-Graphes/TP_Rendus/Gonnay/TP1/graphe.ads;
graphe.ads;-;-;0;;;/home/lebotlan/Travail/Enseignement/2006-07/4GI-Graphes/TP_Rendus/Gonnay/TP2/graphe.ads;
town2.ads;-;-;0;;;/home/lebotlan/Travail/Enseignement/2006-07/4GI-Graphes/TP_Rendus/Gonnay/TP2/town2.ads;
gestion_temps.ads;-;-;0;;;/home/lebotlan/Travail/Enseignement/2006-07/4GI-Graphes/TP_Rendus/Gonnay/TP2/gestion_temps.ads;
sommets.ads;-;-;0;;;/home/lebotlan/Travail/Enseignement/2006-07/4GI-Graphes/TP_Rendus/Gonnay/TP2/sommets.ads;
tas.ads;-;-;0;;;/home/lebotlan/Travail/Enseignement/2006-07/4GI-Graphes/TP_Rendus/Gonnay/TP2/tas.ads;
capteurs.ads;-;-;0;;;/home/lebotlan/Travail/Enseignement/2017-18/1-Annee/ADA-UV2/Polycopie-TD/Poly_Algo_TD_Texte/capteurs.ads;
kakorobot.ads;-;-;0;;;/home/lebotlan/Travail/Enseignement/2009-10/1-Annee/ADA-UV1/Rattrapage/interro371/kakorobot.ads;
facedebook.ads;-;-;0;;;/home/lebotlan/Travail/Enseignement/2012-13/1-Annee/ADA-UV2/Rattrapage/Source/Sujet/Controle-Ada/Question_3/facedebook.ads;
natation.ads;-;-;0;;;/home/lebotlan/Travail/Enseignement/2012-13/1-Annee/ADA-UV2/Rattrapage/Source/Sujet/Controle-Ada/Question_3/natation.ads;
cours.ads;-;-;0;;;/home/lebotlan/Travail/Enseignement/2012-13/1-Annee/ADA-UV2/Rattrapage/Source/Sujet/Controle-Ada/Question_1/cours.ads;
couleurs.ads;-;-;0;;;/home/lebotlan/Travail/Enseignement/2012-13/1-Annee/ADA-UV2/Rattrapage/Source/Sujet/Controle-Ada/Question_1/couleurs.ads;
genome.ads;-;-;0;;;/home/lebotlan/Travail/Enseignement/2012-13/1-Annee/ADA-UV2/Rattrapage/Source/Sujet/Controle-Ada/Question_1/genome.ads;
chifoumi.ads;-;-;0;;;/home/lebotlan/Travail/Enseignement/2012-13/1-Annee/ADA-UV2/Rattrapage/Source/Sujet/Controle-Ada/Question_1/chifoumi.ads;
presidents.ads;-;-;0;;;/home/lebotlan/Travail/Enseignement/2012-13/1-Annee/ADA-UV2/Planches/presidents.ads;
cartes.ads;-;-;0;;;/home/lebotlan/Travail/Enseignement/2012-13/2MIC-Projets/Projets/Projet_Poker_Version_Finale_Corigee_Letourneur_Verderi_Partie_1/cartes.ads;
ai.ads;-;-;0;;;/home/lebotlan/Travail/Enseignement/2012-13/2MIC-Projets/Projets/VirusWar_v1.2/ai.ads;
programme-td4.ads;-;-;0;;;/home/lebotlan/Travail/Enseignement/2008-09/1-Annee/ADA-UV2/Autres-Sujets-Petit-TP/programme-td4.ads;
serv.ads;-;-;0;;;/home/lebotlan/Travail/Enseignement/2008-09/1-Annee/ADA-UV2/Autres-Sujets-Petit-TP/exams/TP2/serv.ads;
rfid.ads;-;-;0;;;/home/lebotlan/Travail/Enseignement/2008-09/1-Annee/ADA-UV2/Autres-Sujets-Petit-TP/exams/TP2/rfid.ads;
mobile.ads;-;-;0;;;/home/lebotlan/Travail/Enseignement/2008-09/1-Annee/ADA-UV2/Autres-Sujets-Petit-TP/exams/TP2/mobile.ads;
